{
  "name": "baseline",
  "lambda": 0.0,
  "wall_time_s": 581.3503313064575,
  "final_train_loss": 3.4673,
  "step_avg_ms": 875.91,
  "val_loss": 3.44058653,
  "val_bpb": 2.06166446,
  "train_time_ms": 437978.0,
  "train_gpt_int8_zlib": 12637535,
  "post_quant_bpb": 2.06166446,
  "model_path": "experiments/smooth_cuda_test1/baseline/final_model.pt",
  "total_params": 17059912,
  "int8_raw": 17180185,
  "int8_zlib": 15364040,
  "int8_lzma": 15393072,
  "int6_raw": 17180185,
  "int6_zlib": 11666590,
  "int6_lzma": 11116656,
  "int6_packed_raw": 12779520,
  "int6_packed_zlib": 12182601,
  "int6_packed_lzma": 11978836,
  "int6_scales_and_pass_raw": 125391
}