{
  "name": "smooth_strong",
  "lambda": 0.0001,
  "wall_time_s": 586.8031311035156,
  "final_train_loss": 3.4989,
  "step_avg_ms": 881.0,
  "val_loss": 3.47166847,
  "val_bpb": 2.08028934,
  "train_time_ms": 440503.0,
  "train_gpt_int8_zlib": 11345954,
  "post_quant_bpb": 2.08028934,
  "model_path": "experiments/smooth_cuda_test1/smooth_strong/final_model.pt",
  "total_params": 17059912,
  "int8_raw": 17180185,
  "int8_zlib": 15315071,
  "int8_lzma": 14950372,
  "int6_raw": 17180185,
  "int6_zlib": 11546046,
  "int6_lzma": 10876764,
  "int6_packed_raw": 12779520,
  "int6_packed_zlib": 12087176,
  "int6_packed_lzma": 11719108,
  "int6_scales_and_pass_raw": 125391
}