{
  "name": "smooth_weak",
  "lambda": 3e-05,
  "wall_time_s": 586.4415097236633,
  "final_train_loss": 3.4871,
  "step_avg_ms": 880.03,
  "val_loss": 3.46041958,
  "val_bpb": 2.07354879,
  "train_time_ms": 440037.0,
  "train_gpt_int8_zlib": 11633747,
  "post_quant_bpb": 2.07354879,
  "model_path": "experiments/smooth_cuda_test1/smooth_weak/final_model.pt",
  "total_params": 17059912,
  "int8_raw": 17180185,
  "int8_zlib": 15287640,
  "int8_lzma": 14978524,
  "int6_raw": 17180185,
  "int6_zlib": 11535843,
  "int6_lzma": 10834876,
  "int6_packed_raw": 12779520,
  "int6_packed_zlib": 12083412,
  "int6_packed_lzma": 11725548,
  "int6_scales_and_pass_raw": 125391
}